title,text,subject,date
Fake News 0,BREAKING: Aliens have landed in Area 51 and the government is hiding it from us! Secret documents revealed shocking truth!,conspiracy,2024-01-01
Fake News 1,Miracle cure found! This one weird trick will make you lose 50 pounds in a week! Doctors hate this secret!,health,2024-01-01
Fake News 2,SHOCKING: Celebrity spotted doing something completely normal! You won't believe what happened next!,celebrity,2024-01-01
Fake News 3,Government plans to control your mind with 5G towers! Here's how to protect yourself with aluminum foil!,technology,2024-01-01
Fake News 4,Scientists discover that drinking water is actually dangerous! Big pharma doesn't want you to know this!,health,2024-01-01
