title,text,subject,date
Real News 0,The president announced new economic policies during today's press conference. The new measures are expected to boost employment rates.,politics,2024-01-01
Real News 1,Scientists at MIT have developed a new technology that could revolutionize renewable energy production. The research was published in Nature journal.,science,2024-01-01
Real News 2,The stock market closed higher today after positive earnings reports from major tech companies. Investors showed confidence in the market.,business,2024-01-01
Real News 3,Local authorities have announced plans to improve public transportation in the city. The project will begin next month.,local,2024-01-01
Real News 4,A new study shows that regular exercise can significantly improve mental health. The research involved 1000 participants over two years.,health,2024-01-01
